{"cameraMode":{"drawMode":0,"name":"Shaded","section":"Shading Mode"},"sceneLighting":true,"audioPlay":false,"sceneViewState":{"m_AlwaysRefresh":false,"showFog":true,"showSkybox":true,"showFlares":true,"showImageEffects":true,"showParticleSystems":true,"showVisualEffectGraphs":true,"m_FxEnabled":true},"in2DMode":false,"pivot":{"x":436.5672912597656,"y":945.9576416015625,"z":-338.30511474609377},"rotation":{"x":0.025786342099308969,"y":-0.01110106986016035,"z":-0.0002795528853312135,"w":-0.9996206760406494},"size":1744.8563232421875,"orthographic":true}