{"cameraMode":{"drawMode":0,"name":"Shaded","section":"Shading Mode"},"sceneLighting":false,"audioPlay":false,"sceneViewState":{"m_AlwaysRefresh":false,"showFog":true,"showSkybox":false,"showFlares":true,"showImageEffects":true,"showParticleSystems":true,"showVisualEffectGraphs":true,"m_FxEnabled":true},"in2DMode":false,"pivot":{"x":250.1485595703125,"y":701.298095703125,"z":3.1191253662109377},"rotation":{"x":-0.043795254081487659,"y":0.004492905456572771,"z":-0.00019692417117767036,"w":-0.9990308880805969},"size":288.6690673828125,"orthographic":false}