{"cameraMode":{"drawMode":0,"name":"Shaded","section":"Shading Mode"},"sceneLighting":false,"audioPlay":false,"sceneViewState":{"m_AlwaysRefresh":false,"showFog":true,"showSkybox":false,"showFlares":true,"showImageEffects":true,"showParticleSystems":true,"showVisualEffectGraphs":true,"m_FxEnabled":true},"in2DMode":false,"pivot":{"x":584.102783203125,"y":710.5518188476563,"z":6.8454742431640629},"rotation":{"x":-0.043795254081487659,"y":0.004492905456572771,"z":-0.00019692417117767036,"w":-0.9990308880805969},"size":154.49893188476563,"orthographic":false}