{"cameraMode":{"drawMode":0,"name":"Shaded","section":"Shading Mode"},"sceneLighting":false,"audioPlay":false,"sceneViewState":{"m_AlwaysRefresh":false,"showFog":true,"showSkybox":false,"showFlares":true,"showImageEffects":true,"showParticleSystems":true,"showVisualEffectGraphs":true,"m_FxEnabled":true},"in2DMode":false,"pivot":{"x":-46.56998825073242,"y":14.8820161819458,"z":2.1746826171875},"rotation":{"x":-0.022207818925380708,"y":-0.003901564748957753,"z":0.00008750195411266759,"w":-0.9997531771659851},"size":345.0300598144531,"orthographic":true}